(no author) = Unknown Author <mail+git@antville.org>
interface@p3k.org = Tobi Schäfer <interface@p3k.org>
piefke3000 = Tobi Schäfer <interface@p3k.org>
piefke3000@gmail.com = Tobi Schäfer <interface@p3k.org>
tobi = Tobi Schäfer <interface@p3k.org>
grob = Robert Gaggl <robert@nomatic.org>
robert = Robert Gaggl <robert@nomatic.org>
hannes = Hannes Wallnöfer <hannesw@gmail.com>
henso = Hannes Wallnöfer <hannesw@gmail.com>
kinomu.wien =  Christoph Leutner <kinomu@gmx.at>
kinomu.wien@gmail.com =  Christoph Leutner <kinomu@gmx.at>
kris = Christoph Lincke <kris@diszko.org>
michi = Michael Platzer <michael.platzer@knallgrau.at>
philipp.naderer = Philipp Naderer <philipp.naderer@gmail.com>
philipp.naderer@gmail.com = Philipp Naderer <philipp.naderer@gmail.com>
stefanp = Stefan Pollach <stefanpollach@gmail.com>
dirk.olbertz@gmail.com = Dirk Olbertz <dirk.olbertz@gmail.com>
